SIZE_OF_VECTOR,ITERATION,TIME-VECTOR, TIME-MATRIX
2500,0,0.000367,0.000410
2500,1,0.000003,0.000002
2500,2,0.000003,0.000002
2500,3,0.000003,0.000002
2500,4,0.000003,0.000002
2500,5,0.000003,0.000002
2500,6,0.000003,0.000002
2500,7,0.000003,0.000002
2500,8,0.000003,0.000002
2500,9,0.000003,0.000002
10000,0,0.000012,0.000011
10000,1,0.000011,0.000009
10000,2,0.000011,0.000009
10000,3,0.000011,0.000009
10000,4,0.000011,0.000009
10000,5,0.000011,0.000009
10000,6,0.000011,0.000009
10000,7,0.000011,0.000009
10000,8,0.000011,0.000009
10000,9,0.000011,0.000009
22500,0,0.000026,0.000024
22500,1,0.000024,0.000021
22500,2,0.000024,0.000021
22500,3,0.000024,0.000021
22500,4,0.000024,0.000021
22500,5,0.000024,0.000021
22500,6,0.000024,0.000021
22500,7,0.000024,0.000021
22500,8,0.000024,0.000021
22500,9,0.000024,0.000021
40000,0,0.000045,0.000043
40000,1,0.000042,0.000039
40000,2,0.000042,0.000039
40000,3,0.000042,0.000039
40000,4,0.000042,0.000057
40000,5,0.000076,0.000051
40000,6,0.000042,0.000039
40000,7,0.000042,0.000039
40000,8,0.000042,0.000039
40000,9,0.000042,0.000039
62500,0,0.000069,0.000067
62500,1,0.000066,0.000062
62500,2,0.000066,0.000062
62500,3,0.000066,0.000061
62500,4,0.000066,0.000062
62500,5,0.000066,0.000062
62500,6,0.000066,0.000062
62500,7,0.000087,0.000065
62500,8,0.000070,0.000110
62500,9,0.000066,0.000062
90000,0,0.000100,0.000095
90000,1,0.000117,0.000105
90000,2,0.000096,0.000090
90000,3,0.000095,0.000090
90000,4,0.000140,0.000106
90000,5,0.000095,0.000090
90000,6,0.000095,0.000090
90000,7,0.000095,0.000090
90000,8,0.000095,0.000090
90000,9,0.000095,0.000090
122500,0,0.000135,0.000129
122500,1,0.000134,0.000125
122500,2,0.000131,0.000147
122500,3,0.000181,0.000123
122500,4,0.000129,0.000123
122500,5,0.000129,0.000123
122500,6,0.000129,0.000123
122500,7,0.000129,0.000123
122500,8,0.000129,0.000123
122500,9,0.000129,0.000123
160000,0,0.000175,0.000222
160000,1,0.000176,0.000165
160000,2,0.000171,0.000162
160000,3,0.000169,0.000180
160000,4,0.000217,0.000162
160000,5,0.000170,0.000162
160000,6,0.000169,0.000162
160000,7,0.000169,0.000161
160000,8,0.000169,0.000161
160000,9,0.000169,0.000161
202500,0,0.000221,0.000214
202500,1,0.000222,0.000260
202500,2,0.000220,0.000208
202500,3,0.000217,0.000207
202500,4,0.000216,0.000207
202500,5,0.000217,0.000206
202500,6,0.000215,0.000206
202500,7,0.000215,0.000205
202500,8,0.000215,0.000239
202500,9,0.000216,0.000206
250000,0,0.000275,0.000317
250000,1,0.000279,0.000263
250000,2,0.000275,0.000261
250000,3,0.000272,0.000259
250000,4,0.000271,0.000258
250000,5,0.000271,0.000258
250000,6,0.000269,0.000255
250000,7,0.000269,0.000256
250000,8,0.000324,0.000257
250000,9,0.000269,0.000257
302500,0,0.000332,0.000323
302500,1,0.000337,0.000324
302500,2,0.000341,0.000318
302500,3,0.000334,0.000318
302500,4,0.000329,0.000405
302500,5,0.000394,0.000378
302500,6,0.000439,0.000418
302500,7,0.000382,0.000454
302500,8,0.000424,0.000411
302500,9,0.000463,0.000367
360000,0,0.000530,0.000525
360000,1,0.000431,0.000411
360000,2,0.000431,0.000440
360000,3,0.000444,0.000454
360000,4,0.000416,0.000377
360000,5,0.000414,0.000391
360000,6,0.000413,0.000391
360000,7,0.000444,0.000389
360000,8,0.000431,0.000435
360000,9,0.000422,0.000405
422500,0,0.000501,0.000488
422500,1,0.000541,0.000488
422500,2,0.000495,0.000470
422500,3,0.000486,0.000465
422500,4,0.000489,0.000470
422500,5,0.000491,0.000462
422500,6,0.000483,0.000458
422500,7,0.000536,0.000473
422500,8,0.000495,0.000469
422500,9,0.000492,0.000473
490000,0,0.000578,0.000563
490000,1,0.000599,0.000557
490000,2,0.000646,0.000597
490000,3,0.000580,0.000560
490000,4,0.000581,0.000561
490000,5,0.000575,0.000563
490000,6,0.000579,0.000553
490000,7,0.000577,0.000559
490000,8,0.000574,0.000552
490000,9,0.000572,0.000553
562500,0,0.000662,0.000653
562500,1,0.000748,0.000771
562500,2,0.000728,0.000706
562500,3,0.000776,0.000770
562500,4,0.000841,0.000712
562500,5,0.000680,0.000666
562500,6,0.000686,0.000708
562500,7,0.000674,0.000727
562500,8,0.000675,0.000660
562500,9,0.000677,0.000697
640000,0,0.000805,0.000753
640000,1,0.000803,0.000751
640000,2,0.000815,0.000710
640000,3,0.000761,0.000749
640000,4,0.000727,0.000781
640000,5,0.000727,0.000705
640000,6,0.000723,0.000708
640000,7,0.000726,0.000770
640000,8,0.000747,0.000708
640000,9,0.000724,0.000707
722500,0,0.000858,0.000801
722500,1,0.000878,0.000803
722500,2,0.000814,0.000803
722500,3,0.000854,0.000801
722500,4,0.000824,0.000834
722500,5,0.000859,0.000800
722500,6,0.000817,0.000800
722500,7,0.000818,0.000804
722500,8,0.000818,0.000800
722500,9,0.000818,0.000799
810000,0,0.000955,0.000899
810000,1,0.000919,0.000899
810000,2,0.000958,0.000907
810000,3,0.001007,0.000900
810000,4,0.000956,0.000899
810000,5,0.000918,0.000900
810000,6,0.000926,0.000901
810000,7,0.000921,0.000897
810000,8,0.000953,0.000905
810000,9,0.000914,0.000901
902500,0,0.001022,0.001041
902500,1,0.001057,0.001014
902500,2,0.001056,0.001013
902500,3,0.001027,0.001105
902500,4,0.001056,0.001010
902500,5,0.001025,0.001002
902500,6,0.001023,0.001005
902500,7,0.001023,0.001005
902500,8,0.001060,0.001011
902500,9,0.001024,0.001044
1000000,0,0.001143,0.001158
1000000,1,0.001135,0.001116
1000000,2,0.001140,0.001115
1000000,3,0.001285,0.001121
1000000,4,0.001139,0.001150
1000000,5,0.001137,0.001182
1000000,6,0.001135,0.001153
1000000,7,0.001150,0.001119
1000000,8,0.001135,0.001116
1000000,9,0.001135,0.001174
1102500,0,0.001264,0.001237
1102500,1,0.001245,0.001297
1102500,2,0.001260,0.001231
1102500,3,0.001284,0.001242
1102500,4,0.001256,0.001265
1102500,5,0.001260,0.001268
1102500,6,0.001253,0.001230
1102500,7,0.001260,0.001271
1102500,8,0.001253,0.001237
1102500,9,0.001284,0.001295
1210000,0,0.001385,0.001350
1210000,1,0.001374,0.001357
1210000,2,0.001369,0.001351
1210000,3,0.001381,0.001389
1210000,4,0.001377,0.001361
1210000,5,0.001410,0.001355
1210000,6,0.001386,0.001360
1210000,7,0.001441,0.001433
1210000,8,0.001379,0.001356
1210000,9,0.001377,0.001423
1322500,0,0.001503,0.001482
1322500,1,0.001500,0.001554
1322500,2,0.001652,0.001488
1322500,3,0.001509,0.001579
1322500,4,0.001509,0.001482
1322500,5,0.001508,0.001518
1322500,6,0.001507,0.001484
1322500,7,0.001503,0.001488
1322500,8,0.001546,0.001522
1322500,9,0.001538,0.001571
1440000,0,0.001805,0.001649
1440000,1,0.001820,0.001649
1440000,2,0.001788,0.001788
1440000,3,0.001857,0.001649
1440000,4,0.001679,0.001856
1440000,5,0.001680,0.001786
1440000,6,0.001748,0.001757
1440000,7,0.001781,0.001793
1440000,8,0.001683,0.001685
1440000,9,0.001854,0.001653
1562500,0,0.001980,0.001822
1562500,1,0.001915,0.001851
1562500,2,0.002006,0.001817
1562500,3,0.001967,0.001838
1562500,4,0.002000,0.001827
1562500,5,0.001898,0.001922
1562500,6,0.001846,0.001966
1562500,7,0.001889,0.002052
1562500,8,0.002036,0.001847
1562500,9,0.001825,0.001792
1690000,0,0.002054,0.002043
1690000,1,0.001971,0.001972
1690000,2,0.002081,0.001900
1690000,3,0.001954,0.001930
1690000,4,0.001993,0.001900
1690000,5,0.001967,0.002153
1690000,6,0.001991,0.002106
1690000,7,0.002001,0.002148
1690000,8,0.001990,0.002109
1690000,9,0.001999,0.002136
1822500,0,0.002155,0.002358
1822500,1,0.002263,0.002145
1822500,2,0.002256,0.002223
1822500,3,0.002294,0.002215
1822500,4,0.002615,0.002267
1822500,5,0.002268,0.002252
1822500,6,0.002203,0.002288
1822500,7,0.002175,0.002273
1822500,8,0.002307,0.002140
1822500,9,0.002252,0.002281
1960000,0,0.002447,0.002347
1960000,1,0.002469,0.002382
1960000,2,0.002402,0.002416
1960000,3,0.002324,0.002590
1960000,4,0.002395,0.002405
1960000,5,0.002469,0.002289
1960000,6,0.002483,0.002378
1960000,7,0.002344,0.002468
1960000,8,0.002474,0.002363
1960000,9,0.002484,0.002339
2102500,0,0.002609,0.002621
2102500,1,0.002499,0.002577
2102500,2,0.002732,0.002461
2102500,3,0.002675,0.002664
2102500,4,0.002606,0.002579
2102500,5,0.002495,0.002711
2102500,6,0.002546,0.002570
2102500,7,0.002429,0.002374
2102500,8,0.002426,0.002437
2102500,9,0.002469,0.002463
2250000,0,0.002571,0.002591
2250000,1,0.002621,0.002530
2250000,2,0.002557,0.002523
2250000,3,0.002631,0.002771
2250000,4,0.002946,0.002764
2250000,5,0.003030,0.002800
2250000,6,0.002672,0.002637
2250000,7,0.002701,0.002600
2250000,8,0.002666,0.002532
2250000,9,0.002637,0.002632
2402500,0,0.002802,0.002702
2402500,1,0.002842,0.002701
2402500,2,0.002837,0.002743
2402500,3,0.002830,0.002710
2402500,4,0.002772,0.002802
2402500,5,0.002734,0.002781
2402500,6,0.002778,0.002700
2402500,7,0.002741,0.002702
2402500,8,0.002874,0.002745
2402500,9,0.003023,0.002769
2560000,0,0.003200,0.002883
2560000,1,0.003104,0.003024
2560000,2,0.003026,0.003092
2560000,3,0.002954,0.002947
2560000,4,0.003238,0.003058
2560000,5,0.003345,0.003021
2560000,6,0.003004,0.002977
2560000,7,0.002954,0.002990
2560000,8,0.003200,0.002906
2560000,9,0.003022,0.003209
2722500,0,0.003277,0.003366
2722500,1,0.003339,0.003360
2722500,2,0.003413,0.003373
2722500,3,0.003338,0.003385
2722500,4,0.003370,0.003454
2722500,5,0.003529,0.003394
2722500,6,0.003423,0.003253
2722500,7,0.003596,0.003443
2722500,8,0.003406,0.003386
2722500,9,0.003374,0.003340
2890000,0,0.003610,0.003541
2890000,1,0.003661,0.003574
2890000,2,0.003711,0.003534
2890000,3,0.003720,0.003564
2890000,4,0.003617,0.003619
2890000,5,0.003654,0.003531
2890000,6,0.003726,0.003686
2890000,7,0.003597,0.003607
2890000,8,0.003628,0.003687
2890000,9,0.003691,0.004127
3062500,0,0.003857,0.003813
3062500,1,0.003998,0.003750
3062500,2,0.003830,0.003776
3062500,3,0.003800,0.003736
3062500,4,0.004098,0.003683
3062500,5,0.003716,0.003690
3062500,6,0.003698,0.003892
3062500,7,0.004008,0.003670
3062500,8,0.003561,0.003512
3062500,9,0.003636,0.003488
3240000,0,0.003825,0.003681
3240000,1,0.003736,0.003707
3240000,2,0.003873,0.003982
3240000,3,0.004046,0.003988
3240000,4,0.003770,0.003788
3240000,5,0.003800,0.003639
3240000,6,0.003742,0.003676
3240000,7,0.003779,0.003641
3240000,8,0.003818,0.003656
3240000,9,0.003698,0.003687
3422500,0,0.004030,0.004150
3422500,1,0.004242,0.004146
3422500,2,0.004177,0.003994
3422500,3,0.004112,0.003975
3422500,4,0.003924,0.004067
3422500,5,0.004241,0.003961
3422500,6,0.004088,0.004216
3422500,7,0.004289,0.005387
3422500,8,0.005010,0.004334
3422500,9,0.004279,0.004326
3610000,0,0.004599,0.004492
3610000,1,0.004489,0.004412
3610000,2,0.004501,0.004654
3610000,3,0.004517,0.004440
3610000,4,0.004453,0.004440
3610000,5,0.004494,0.004411
3610000,6,0.004540,0.004573
3610000,7,0.004472,0.004721
3610000,8,0.006164,0.004647
3610000,9,0.004433,0.004502
3802500,0,0.005722,0.004746
3802500,1,0.004702,0.005271
3802500,2,0.004947,0.004736
3802500,3,0.005013,0.004599
3802500,4,0.004679,0.004586
3802500,5,0.004936,0.004589
3802500,6,0.004691,0.004843
3802500,7,0.004586,0.004510
3802500,8,0.004590,0.004838
3802500,9,0.004896,0.004643
4000000,0,0.005031,0.004812
4000000,1,0.004976,0.004780
4000000,2,0.005050,0.004820
4000000,3,0.004666,0.005258
4000000,4,0.004712,0.005199
4000000,5,0.005354,0.005088
4000000,6,0.004993,0.005004
4000000,7,0.005215,0.005169
4000000,8,0.005040,0.005141
4000000,9,0.005259,0.004951
4202500,0,0.005501,0.005096
4202500,1,0.005036,0.005265
4202500,2,0.005025,0.005378
4202500,3,0.005184,0.006079
4202500,4,0.005525,0.005359
4202500,5,0.006888,0.005726
4202500,6,0.005523,0.005220
4202500,7,0.005322,0.005472
4202500,8,0.005433,0.005388
4202500,9,0.005222,0.005344
4410000,0,0.005780,0.005412
4410000,1,0.005903,0.005548
4410000,2,0.005479,0.005860
4410000,3,0.005447,0.005563
4410000,4,0.005649,0.005401
4410000,5,0.005851,0.005558
4410000,6,0.005513,0.005686
4410000,7,0.006407,0.005629
4410000,8,0.005601,0.005565
4410000,9,0.005446,0.006926
4622500,0,0.006339,0.005798
4622500,1,0.006056,0.005732
4622500,2,0.005707,0.005956
4622500,3,0.005669,0.005794
4622500,4,0.005992,0.005713
4622500,5,0.005972,0.005775
4622500,6,0.005886,0.005980
4622500,7,0.006544,0.005948
4622500,8,0.005869,0.005495
4622500,9,0.005732,0.005607
4840000,0,0.005828,0.006835
4840000,1,0.007117,0.006048
4840000,2,0.007657,0.006114
4840000,3,0.006134,0.008099
4840000,4,0.005955,0.006948
4840000,5,0.006277,0.006329
4840000,6,0.007916,0.006225
4840000,7,0.007157,0.006243
4840000,8,0.006179,0.007312
4840000,9,0.006030,0.007870
5062500,0,0.006153,0.007158
5062500,1,0.007333,0.006466
5062500,2,0.007443,0.006406
5062500,3,0.007366,0.006878
5062500,4,0.006358,0.008117
5062500,5,0.006187,0.007351
5062500,6,0.006177,0.006754
5062500,7,0.007727,0.006202
5062500,8,0.007995,0.006416
5062500,9,0.007071,0.006796
5290000,0,0.006688,0.007360
5290000,1,0.008617,0.008199
5290000,2,0.007366,0.007424
5290000,3,0.009205,0.007066
5290000,4,0.007127,0.007081
5290000,5,0.006956,0.007077
5290000,6,0.007479,0.007210
5290000,7,0.008148,0.007390
5290000,8,0.010113,0.007400
5290000,9,0.007510,0.009480
5522500,0,0.007859,0.007621
5522500,1,0.007545,0.007741
5522500,2,0.008095,0.007935
5522500,3,0.008497,0.007707
5522500,4,0.008159,0.010313
5522500,5,0.008779,0.009331
5522500,6,0.008928,0.010094
5522500,7,0.008951,0.008504
5522500,8,0.010279,0.008692
5522500,9,0.008886,0.007892
5760000,0,0.008109,0.010434
5760000,1,0.007377,0.009917
5760000,2,0.008210,0.008636
5760000,3,0.007461,0.010647
5760000,4,0.007671,0.009616
5760000,5,0.008259,0.008799
5760000,6,0.007847,0.011111
5760000,7,0.008462,0.010081
5760000,8,0.008674,0.007501
5760000,9,0.009500,0.008055
6002500,0,0.009583,0.008525
6002500,1,0.009032,0.007979
6002500,2,0.010329,0.007371
6002500,3,0.010163,0.007761
6002500,4,0.008985,0.009603
6002500,5,0.008250,0.008160
6002500,6,0.010020,0.008854
6002500,7,0.008303,0.009556
6002500,8,0.008557,0.010430
6002500,9,0.008199,0.009246
6250000,0,0.007858,0.011289
6250000,1,0.008517,0.009398
6250000,2,0.008464,0.009152
6250000,3,0.008862,0.009019
6250000,4,0.010640,0.009436
6250000,5,0.011829,0.009149
6250000,6,0.008109,0.010046
6250000,7,0.008172,0.010006
6250000,8,0.008183,0.008538
6250000,9,0.008560,0.010086
6502500,0,0.009516,0.010011
6502500,1,0.009079,0.008958
6502500,2,0.010648,0.010523
6502500,3,0.010681,0.009869
6502500,4,0.008493,0.009954
6502500,5,0.008751,0.009556
6502500,6,0.009387,0.008658
6502500,7,0.010427,0.008494
6502500,8,0.010659,0.008936
6502500,9,0.008792,0.009905
6760000,0,0.010315,0.012028
6760000,1,0.008997,0.010338
6760000,2,0.010538,0.009341
6760000,3,0.010803,0.008830
6760000,4,0.008742,0.009294
6760000,5,0.010752,0.010430
6760000,6,0.009579,0.010635
6760000,7,0.008728,0.009438
6760000,8,0.008451,0.008570
6760000,9,0.008461,0.008531
7022500,0,0.009026,0.008923
7022500,1,0.009172,0.008870
7022500,2,0.008999,0.009148
7022500,3,0.009354,0.011899
7022500,4,0.010063,0.011504
7022500,5,0.008934,0.009107
7022500,6,0.008746,0.009327
7022500,7,0.009363,0.008711
7022500,8,0.009139,0.008819
7022500,9,0.009254,0.008712
7290000,0,0.009215,0.008909
7290000,1,0.008773,0.008693
7290000,2,0.009244,0.008822
7290000,3,0.008958,0.008821
7290000,4,0.008499,0.008815
7290000,5,0.008847,0.008583
7290000,6,0.009997,0.010464
7290000,7,0.009139,0.008806
7290000,8,0.008740,0.008458
7290000,9,0.008628,0.008497
7562500,0,0.009765,0.009278
7562500,1,0.009613,0.008823
7562500,2,0.009491,0.008933
7562500,3,0.008961,0.008825
7562500,4,0.008803,0.010893
7562500,5,0.009588,0.009218
7562500,6,0.009330,0.008925
7562500,7,0.009006,0.008860
7562500,8,0.008944,0.008729
7562500,9,0.008756,0.008733
7840000,0,0.009921,0.009142
7840000,1,0.009939,0.010042
7840000,2,0.010254,0.010359
7840000,3,0.009902,0.010341
7840000,4,0.012026,0.010154
7840000,5,0.010039,0.009584
7840000,6,0.009612,0.009250
7840000,7,0.009088,0.009342
7840000,8,0.009209,0.009155
7840000,9,0.009003,0.009083
8122500,0,0.009330,0.009516
8122500,1,0.009770,0.009657
8122500,2,0.009977,0.009372
8122500,3,0.009401,0.009340
8122500,4,0.009742,0.009301
8122500,5,0.009376,0.009224
8122500,6,0.009427,0.009960
8122500,7,0.009891,0.010719
8122500,8,0.011864,0.010254
8122500,9,0.009910,0.009479
8410000,0,0.009798,0.009681
8410000,1,0.009769,0.009703
8410000,2,0.009887,0.009644
8410000,3,0.009804,0.009493
8410000,4,0.009870,0.009668
8410000,5,0.009776,0.009660
8410000,6,0.009934,0.009888
8410000,7,0.009997,0.009616
8410000,8,0.009881,0.009661
8410000,9,0.009861,0.009583
8702500,0,0.010128,0.009872
8702500,1,0.011700,0.012400
8702500,2,0.011072,0.011429
8702500,3,0.010860,0.010688
8702500,4,0.010138,0.011521
8702500,5,0.010319,0.010010
8702500,6,0.011108,0.010875
8702500,7,0.011840,0.011398
8702500,8,0.010697,0.011452
8702500,9,0.010694,0.010143
9000000,0,0.012294,0.011346
9000000,1,0.012332,0.011392
9000000,2,0.012137,0.011273
9000000,3,0.010546,0.010647
9000000,4,0.010599,0.013224
9000000,5,0.010742,0.010589
9000000,6,0.010530,0.010500
9000000,7,0.010487,0.010522
9000000,8,0.010503,0.010314
9000000,9,0.010439,0.011498
9302500,0,0.011238,0.010945
9302500,1,0.011110,0.010625
9302500,2,0.010909,0.010711
9302500,3,0.010892,0.010587
9302500,4,0.011214,0.010792
9302500,5,0.010933,0.010976
9302500,6,0.010815,0.010893
9302500,7,0.010625,0.010809
9302500,8,0.010663,0.010813
9302500,9,0.010815,0.010864
9610000,0,0.011308,0.010998
9610000,1,0.011161,0.011165
9610000,2,0.013023,0.013204
9610000,3,0.012131,0.011740
9610000,4,0.011508,0.011401
9610000,5,0.011265,0.012116
9610000,6,0.011345,0.011071
9610000,7,0.011126,0.011095
9610000,8,0.011271,0.011482
9610000,9,0.011266,0.010950
9922500,0,0.013977,0.013451
9922500,1,0.013634,0.012799
9922500,2,0.012729,0.011676
9922500,3,0.011896,0.011691
9922500,4,0.011520,0.011364
9922500,5,0.011433,0.011594
9922500,6,0.011439,0.015473
9922500,7,0.013152,0.012824
9922500,8,0.012341,0.013132
9922500,9,0.013869,0.014263
10240000,0,0.014282,0.012564
10240000,1,0.012147,0.011915
10240000,2,0.011872,0.011781
10240000,3,0.011689,0.011866
10240000,4,0.015115,0.014184
10240000,5,0.013100,0.013163
10240000,6,0.012248,0.012053
10240000,7,0.014367,0.012068
10240000,8,0.012026,0.012386
10240000,9,0.014601,0.013071
10562500,0,0.013422,0.012377
10562500,1,0.012284,0.014135
10562500,2,0.014662,0.013385
10562500,3,0.014211,0.012214
10562500,4,0.012226,0.013464
10562500,5,0.012803,0.012200
10562500,6,0.012439,0.015086
10562500,7,0.013440,0.013651
10562500,8,0.014641,0.014182
10562500,9,0.013233,0.013354
10890000,0,0.014242,0.012882
10890000,1,0.013054,0.012739
10890000,2,0.015371,0.013814
10890000,3,0.013462,0.012811
10890000,4,0.013114,0.013073
10890000,5,0.012722,0.013023
10890000,6,0.012817,0.013473
10890000,7,0.014563,0.013243
10890000,8,0.015151,0.014177
10890000,9,0.013796,0.012969
11222500,0,0.014528,0.013777
11222500,1,0.014071,0.012956
11222500,2,0.013027,0.012885
11222500,3,0.012931,0.013268
11222500,4,0.013254,0.013374
11222500,5,0.013192,0.013274
11222500,6,0.013167,0.013100
11222500,7,0.013199,0.013055
11222500,8,0.013246,0.012866
11222500,9,0.013066,0.012883
11560000,0,0.013242,0.013226
11560000,1,0.013421,0.013398
11560000,2,0.013371,0.013315
11560000,3,0.013287,0.016305
11560000,4,0.015913,0.015556
11560000,5,0.013603,0.013569
11560000,6,0.014666,0.013737
11560000,7,0.013424,0.013319
11560000,8,0.013470,0.013249
11560000,9,0.013372,0.013319
11902500,0,0.013742,0.013768
11902500,1,0.015939,0.017702
11902500,2,0.016305,0.018184
11902500,3,0.016687,0.016828
11902500,4,0.015994,0.015981
11902500,5,0.015864,0.016451
11902500,6,0.016316,0.016449
11902500,7,0.015885,0.015929
11902500,8,0.015903,0.016250
11902500,9,0.015953,0.015671
12250000,0,0.016276,0.016464
12250000,1,0.016195,0.016351
12250000,2,0.015869,0.015067
12250000,3,0.014653,0.014178
12250000,4,0.014293,0.014289
12250000,5,0.014388,0.015472
12250000,6,0.015270,0.016017
12250000,7,0.016284,0.015744
12250000,8,0.017472,0.016498
12250000,9,0.017549,0.018498
12602500,0,0.019636,0.020031
12602500,1,0.018145,0.019576
12602500,2,0.018644,0.019141
12602500,3,0.018911,0.019551
12602500,4,0.019341,0.018944
12602500,5,0.018730,0.018680
12602500,6,0.017633,0.021927
12602500,7,0.018417,0.017388
12602500,8,0.016240,0.015628
12602500,9,0.015377,0.015396
12960000,0,0.016898,0.016000
12960000,1,0.016273,0.016794
12960000,2,0.017463,0.017892
12960000,3,0.016176,0.017163
12960000,4,0.017907,0.016071
12960000,5,0.015502,0.014982
12960000,6,0.015835,0.014977
12960000,7,0.014856,0.014894
12960000,8,0.014952,0.014967
12960000,9,0.014969,0.014867
13322500,0,0.015680,0.015295
13322500,1,0.015357,0.015566
13322500,2,0.015565,0.015382
13322500,3,0.015433,0.015474
13322500,4,0.018802,0.016901
13322500,5,0.016265,0.015967
13322500,6,0.015564,0.016557
13322500,7,0.015733,0.015358
13322500,8,0.015548,0.015230
13322500,9,0.015190,0.015191
13690000,0,0.017858,0.018741
13690000,1,0.017502,0.016834
13690000,2,0.016082,0.016308
13690000,3,0.016095,0.015834
13690000,4,0.015787,0.015657
13690000,5,0.015791,0.016097
13690000,6,0.017006,0.016691
13690000,7,0.016164,0.015972
13690000,8,0.015954,0.017828
13690000,9,0.019631,0.018494
14062500,0,0.016615,0.017033
14062500,1,0.016418,0.016226
14062500,2,0.019051,0.017925
14062500,3,0.018232,0.016442
14062500,4,0.019234,0.017478
14062500,5,0.017861,0.017884
14062500,6,0.016575,0.017610
14062500,7,0.016245,0.016161
14062500,8,0.016997,0.016336
14062500,9,0.016494,0.016354
14440000,0,0.017174,0.017074
14440000,1,0.016803,0.016871
14440000,2,0.016689,0.016657
14440000,3,0.016768,0.016619
14440000,4,0.016793,0.016669
14440000,5,0.016747,0.016783
14440000,6,0.016698,0.016807
14440000,7,0.016847,0.016704
14440000,8,0.016888,0.016667
14440000,9,0.016686,0.016734
14822500,0,0.017389,0.017419
14822500,1,0.017889,0.019331
14822500,2,0.020533,0.017856
14822500,3,0.017163,0.020719
14822500,4,0.018970,0.020630
14822500,5,0.018118,0.018050
14822500,6,0.017139,0.017081
14822500,7,0.017371,0.017238
14822500,8,0.017447,0.017143
14822500,9,0.018719,0.020168
15210000,0,0.020227,0.019832
15210000,1,0.019652,0.018988
15210000,2,0.017938,0.017393
15210000,3,0.017781,0.017497
15210000,4,0.019478,0.019330
15210000,5,0.020494,0.018491
15210000,6,0.020958,0.018732
15210000,7,0.017996,0.019151
15210000,8,0.020091,0.018752
15210000,9,0.017784,0.018066
15602500,0,0.022193,0.019882
15602500,1,0.018813,0.017876
15602500,2,0.019870,0.018038
15602500,3,0.020920,0.019657
15602500,4,0.018686,0.020788
15602500,5,0.020480,0.019199
15602500,6,0.018205,0.018057
15602500,7,0.019602,0.021357
15602500,8,0.019458,0.018329
15602500,9,0.018210,0.018917
16000000,0,0.018863,0.018679
16000000,1,0.021074,0.020779
16000000,2,0.021078,0.020225
16000000,3,0.021371,0.021956
16000000,4,0.020187,0.019098
16000000,5,0.018972,0.022382
16000000,6,0.020357,0.019540
16000000,7,0.018956,0.018649
16000000,8,0.019601,0.018757
16000000,9,0.018685,0.021320
16402500,0,0.020244,0.019937
16402500,1,0.020235,0.019884
16402500,2,0.019267,0.018918
16402500,3,0.018980,0.022088
16402500,4,0.020238,0.019340
16402500,5,0.019349,0.018997
16402500,6,0.020394,0.021537
16402500,7,0.020231,0.020454
16402500,8,0.021059,0.019611
16402500,9,0.019560,0.020185
16810000,0,0.021545,0.022050
16810000,1,0.020511,0.020123
16810000,2,0.021034,0.019492
16810000,3,0.019403,0.020103
16810000,4,0.022275,0.021267
16810000,5,0.019871,0.019808
16810000,6,0.020334,0.019390
16810000,7,0.019320,0.019399
16810000,8,0.021045,0.020090
16810000,9,0.021606,0.021447
17222500,0,0.021282,0.021666
17222500,1,0.023862,0.024464
17222500,2,0.024666,0.022810
17222500,3,0.022747,0.024444
17222500,4,0.023110,0.023918
17222500,5,0.023222,0.025509
17222500,6,0.024246,0.022370
17222500,7,0.024061,0.024012
17222500,8,0.023647,0.021277
17222500,9,0.021662,0.020251
17640000,0,0.022842,0.022463
17640000,1,0.022494,0.024175
17640000,2,0.024912,0.025103
17640000,3,0.023033,0.023066
17640000,4,0.022902,0.023075
17640000,5,0.022789,0.022060
17640000,6,0.022649,0.020681
17640000,7,0.022234,0.025223
17640000,8,0.024770,0.022603
17640000,9,0.020572,0.022270
18062500,0,0.023935,0.022409
18062500,1,0.020949,0.024324
18062500,2,0.023563,0.021839
18062500,3,0.021841,0.024344
18062500,4,0.023099,0.022117
18062500,5,0.024381,0.024833
18062500,6,0.022058,0.020947
18062500,7,0.021960,0.022208
18062500,8,0.025384,0.024737
18062500,9,0.024255,0.024139
18490000,0,0.024937,0.025740
18490000,1,0.022322,0.021444
18490000,2,0.023421,0.022854
18490000,3,0.025811,0.024064
18490000,4,0.022341,0.023103
18490000,5,0.022844,0.022269
18490000,6,0.023969,0.023107
18490000,7,0.022034,0.023531
18490000,8,0.022098,0.021419
18490000,9,0.021504,0.022625
18922500,0,0.022150,0.022194
18922500,1,0.022484,0.021920
18922500,2,0.022447,0.026594
18922500,3,0.024830,0.023119
18922500,4,0.025906,0.025178
18922500,5,0.024371,0.024202
18922500,6,0.023486,0.023925
18922500,7,0.022218,0.022066
18922500,8,0.021928,0.022466
18922500,9,0.024823,0.025497
19360000,0,0.024802,0.023964
19360000,1,0.023376,0.022215
19360000,2,0.022407,0.025222
19360000,3,0.023944,0.022735
19360000,4,0.023543,0.023019
19360000,5,0.025297,0.024433
19360000,6,0.022980,0.023830
19360000,7,0.022905,0.026314
19360000,8,0.023345,0.022439
19360000,9,0.023464,0.023572
19802500,0,0.023184,0.023761
19802500,1,0.027211,0.025077
19802500,2,0.026319,0.027945
19802500,3,0.024026,0.024814
19802500,4,0.026178,0.026060
19802500,5,0.025335,0.026744
19802500,6,0.025845,0.025636
19802500,7,0.025269,0.022887
19802500,8,0.026394,0.025417
19802500,9,0.026765,0.023847
20250000,0,0.023671,0.025407
20250000,1,0.023747,0.023530
20250000,2,0.023410,0.025208
20250000,3,0.026310,0.024672
20250000,4,0.026940,0.023892
20250000,5,0.023909,0.025259
20250000,6,0.023407,0.023295
20250000,7,0.023927,0.026792
20250000,8,0.030399,0.027915
20250000,9,0.024606,0.024440
20702500,0,0.023854,0.026171
20702500,1,0.023993,0.024978
20702500,2,0.024620,0.024416
20702500,3,0.024349,0.024050
20702500,4,0.028439,0.024319
20702500,5,0.024087,0.025069
20702500,6,0.023887,0.023814
20702500,7,0.024097,0.023792
20702500,8,0.025100,0.027962
20702500,9,0.025545,0.023937
21160000,0,0.025512,0.024429
21160000,1,0.028787,0.025653
21160000,2,0.025341,0.026277
21160000,3,0.024606,0.024567
21160000,4,0.027496,0.026094
21160000,5,0.025383,0.027650
21160000,6,0.028009,0.024721
21160000,7,0.024364,0.025876
21160000,8,0.025031,0.024706
21160000,9,0.028266,0.029365
21622500,0,0.027008,0.026511
21622500,1,0.025137,0.024986
21622500,2,0.024944,0.025153
21622500,3,0.025949,0.025053
21622500,4,0.025134,0.024908
21622500,5,0.025168,0.024981
21622500,6,0.025065,0.025051
21622500,7,0.025125,0.025343
21622500,8,0.024979,0.028239
21622500,9,0.029456,0.027127
22090000,0,0.025813,0.025627
22090000,1,0.025518,0.027805
22090000,2,0.030567,0.026298
22090000,3,0.029900,0.027686
22090000,4,0.026344,0.026637
22090000,5,0.025669,0.027811
22090000,6,0.028444,0.027489
22090000,7,0.028224,0.028999
22090000,8,0.029269,0.028300
22090000,9,0.027196,0.026930
22562500,0,0.030750,0.029730
22562500,1,0.028304,0.027608
22562500,2,0.028188,0.026457
22562500,3,0.025937,0.026723
22562500,4,0.026612,0.026297
22562500,5,0.026828,0.026409
22562500,6,0.030044,0.028334
22562500,7,0.029963,0.028062
22562500,8,0.026264,0.026111
22562500,9,0.028593,0.027194
23040000,0,0.027854,0.029995
23040000,1,0.028508,0.031841
23040000,2,0.030858,0.030414
23040000,3,0.029359,0.031066
23040000,4,0.029368,0.027136
23040000,5,0.028232,0.027049
23040000,6,0.026569,0.029652
23040000,7,0.027622,0.029282
23040000,8,0.030665,0.028425
23040000,9,0.027359,0.027858
23522500,0,0.028024,0.027383
23522500,1,0.027078,0.029834
23522500,2,0.029212,0.029964
23522500,3,0.032942,0.028309
23522500,4,0.028642,0.029250
23522500,5,0.027737,0.027319
23522500,6,0.027354,0.027110
23522500,7,0.027349,0.028008
23522500,8,0.027809,0.027155
23522500,9,0.027777,0.027378
24010000,0,0.027888,0.027617
24010000,1,0.027683,0.027621
24010000,2,0.027787,0.032845
24010000,3,0.029571,0.028130
24010000,4,0.029385,0.027843
24010000,5,0.027741,0.027727
24010000,6,0.030589,0.029861
24010000,7,0.027917,0.031557
24010000,8,0.030583,0.029553
24010000,9,0.028047,0.031437
24502500,0,0.030348,0.030437
24502500,1,0.032515,0.032950
24502500,2,0.030878,0.030939
24502500,3,0.031717,0.029967
24502500,4,0.028404,0.028228
24502500,5,0.031887,0.029746
24502500,6,0.030381,0.029352
24502500,7,0.029281,0.031953
24502500,8,0.032515,0.033297
24502500,9,0.031506,0.030818
